nids_a_excluir ,razon,fecha
59396103282,error de asignación de Quiñones reportado el jueves 23 de abril 2026,2026-04-23
59005438128,error de asignación de Quiñones reportado el jueves 23 de abril 2026,2026-04-23
59229033527,error de asignación de Quiñones reportado el jueves 23 de abril 2026,2026-04-23
59151067807,error de asignación de Quiñones reportado el jueves 23 de abril 2026,2026-04-23
59464088137,error de asignación de Quiñones reportado el jueves 23 de abril 2026,2026-04-23
58021861139,error de asignación de Quiñones reportado el jueves 23 de abril 2026,2026-04-23
59182559810,error de asignación de Quiñones reportado el jueves 23 de abril 2026,2026-04-23
58814129702,error de asignación de Quiñones reportado el jueves 23 de abril 2026,2026-04-23
59129830837,error de asignación de Quiñones reportado el jueves 23 de abril 2026,2026-04-23
59217826634,error de asignación de Quiñones reportado el jueves 23 de abril 2026,2026-04-23
59234718021,error de asignación de Quiñones reportado el jueves 23 de abril 2026,2026-04-23
59120126803,error de asignación de Quiñones reportado el jueves 23 de abril 2026,2026-04-23
59178359895,error de asignación de Quiñones reportado el jueves 23 de abril 2026,2026-04-23
59179685446,error de asignación de Quiñones reportado el jueves 23 de abril 2026,2026-04-23
57764837899,error de asignación de Quiñones reportado el jueves 23 de abril 2026,2026-04-23
58110116175,error de asignación de Quiñones reportado el jueves 23 de abril 2026,2026-04-23
57902323849,error de asignación de Quiñones reportado el jueves 23 de abril 2026,2026-04-23
58932408133,error de asignación de Quiñones reportado el jueves 23 de abril 2026,2026-04-23
59120245428,error de asignación de Quiñones reportado el jueves 23 de abril 2026,2026-04-23
59265828215,error de asignación de Quiñones reportado el jueves 23 de abril 2026,2026-04-23
59121298209,error de asignación de Quiñones reportado el jueves 23 de abril 2026,2026-04-23
59012734645,error de asignación de Quiñones reportado el jueves 23 de abril 2026,2026-04-23
57988311151,error de asignación de Quiñones reportado el jueves 23 de abril 2026,2026-04-23
59099469154,error de asignación de Quiñones reportado el jueves 23 de abril 2026,2026-04-23
58880574100,error de asignación de Quiñones reportado el jueves 23 de abril 2026,2026-04-23
58607837980,error de asignación de Quiñones reportado el jueves 23 de abril 2026,2026-04-23
59322253941,error de asignación de Quiñones reportado el jueves 23 de abril 2026,2026-04-23
59434015404,error de asignación de Quiñones reportado el jueves 23 de abril 2026,2026-04-23
59130626716,error de asignación de Quiñones reportado el jueves 23 de abril 2026,2026-04-23
59119264075,error de asignación de Quiñones reportado el jueves 23 de abril 2026,2026-04-23
59192346711,error de asignación de Quiñones reportado el jueves 23 de abril 2026,2026-04-23
59222312087,error de asignación de Quiñones reportado el jueves 23 de abril 2026,2026-04-23
58520753584,error de asignación de Quiñones reportado el jueves 23 de abril 2026,2026-04-23
59097452299,error de asignación de Quiñones reportado el jueves 23 de abril 2026,2026-04-23
58276011310,error de asignación de Quiñones reportado el jueves 23 de abril 2026,2026-04-23
58225605189,error de asignación de Quiñones reportado el jueves 23 de abril 2026,2026-04-23
59316527115,error de asignación de Quiñones reportado el jueves 23 de abril 2026,2026-04-23
59029406734,error de asignación de Quiñones reportado el jueves 23 de abril 2026,2026-04-23
59103705457,error de asignación de Quiñones reportado el jueves 23 de abril 2026,2026-04-23
59531789641,error de asignación de Quiñones reportado el jueves 23 de abril 2026,2026-04-23
59382741046,error de asignación de Quiñones reportado el jueves 23 de abril 2026,2026-04-23
59133399399,error de asignación de Quiñones reportado el jueves 23 de abril 2026,2026-04-23
59380440370,error de asignación de Quiñones reportado el jueves 23 de abril 2026,2026-04-23
58861024343,error de asignación de Quiñones reportado el jueves 23 de abril 2026,2026-04-23
58198395769,error de asignación de Quiñones reportado el jueves 23 de abril 2026,2026-04-23
58168367891,error de asignación de Quiñones reportado el jueves 23 de abril 2026,2026-04-23
58880259766,error de asignación de Quiñones reportado el jueves 23 de abril 2026,2026-04-23
59237712551,error de asignación de Quiñones reportado el jueves 23 de abril 2026,2026-04-23
58853230252,error de asignación de Quiñones reportado el jueves 23 de abril 2026,2026-04-23
59378852148,error de asignación de Quiñones reportado el jueves 23 de abril 2026,2026-04-23
57957385824,error de asignación de Quiñones reportado el jueves 23 de abril 2026,2026-04-23
59094646066,error de asignación de Quiñones reportado el jueves 23 de abril 2026,2026-04-23
59243869200,error de asignación de Quiñones reportado el jueves 23 de abril 2026,2026-04-23
59234318103,error de asignación de Quiñones reportado el jueves 23 de abril 2026,2026-04-23
59146424671,error de asignación de Quiñones reportado el jueves 23 de abril 2026,2026-04-23
59085401740,error de asignación de Quiñones reportado el jueves 23 de abril 2026,2026-04-23
58215695425,error de asignación de Quiñones reportado el jueves 23 de abril 2026,2026-04-23
58483839009,error de asignación de Quiñones reportado el jueves 23 de abril 2026,2026-04-23
59101034080,error de asignación de Quiñones reportado el jueves 23 de abril 2026,2026-04-23
58022692505,error de asignación de Quiñones reportado el jueves 23 de abril 2026,2026-04-23
58218800822,error de asignación de Quiñones reportado el jueves 23 de abril 2026,2026-04-23
59318251022,error de asignación de Quiñones reportado el jueves 23 de abril 2026,2026-04-23
58326646839,error de asignación de Quiñones reportado el jueves 23 de abril 2026,2026-04-23
59468168720,error de asignación de Quiñones reportado el jueves 23 de abril 2026,2026-04-23
58513800569,error de asignación de Quiñones reportado el jueves 23 de abril 2026,2026-04-23
58864762433,error de asignación de Quiñones reportado el jueves 23 de abril 2026,2026-04-23
58653662340,error de asignación de Quiñones reportado el jueves 23 de abril 2026,2026-04-23
58540131421,error de asignación de Quiñones reportado el jueves 23 de abril 2026,2026-04-23
58371810919,error de asignación de Quiñones reportado el jueves 23 de abril 2026,2026-04-23
58960914787,error de asignación de Quiñones reportado el jueves 23 de abril 2026,2026-04-23
59231005860,error de asignación de Quiñones reportado el jueves 23 de abril 2026,2026-04-23
58963440668,error de asignación de Quiñones reportado el jueves 23 de abril 2026,2026-04-23
58945113646,error de asignación de Quiñones reportado el jueves 23 de abril 2026,2026-04-23
58881413799,error de asignación de Quiñones reportado el jueves 23 de abril 2026,2026-04-23
58327869587,error de asignación de Quiñones reportado el jueves 23 de abril 2026,2026-04-23
58058539630,error de asignación de Quiñones reportado el jueves 23 de abril 2026,2026-04-23
59168430621,error de asignación de Quiñones reportado el jueves 23 de abril 2026,2026-04-23
59379680556,error de asignación de Quiñones reportado el jueves 23 de abril 2026,2026-04-23
57983129143,error de asignación de Quiñones reportado el jueves 23 de abril 2026,2026-04-23
58878513792,error de asignación de Quiñones reportado el jueves 23 de abril 2026,2026-04-23
59119438601,error de asignación de Quiñones reportado el jueves 23 de abril 2026,2026-04-23
58812928415,error de asignación de Quiñones reportado el jueves 23 de abril 2026,2026-04-23
59119580817,error de asignación de Quiñones reportado el jueves 23 de abril 2026,2026-04-23
59384119864,error de asignación de Quiñones reportado el jueves 23 de abril 2026,2026-04-23
58996594480,error de asignación de Quiñones reportado el jueves 23 de abril 2026,2026-04-23
58013800106,error de asignación de Quiñones reportado el jueves 23 de abril 2026,2026-04-23
58215541053,error de asignación de Quiñones reportado el jueves 23 de abril 2026,2026-04-23
58176235607,error de asignación de Quiñones reportado el jueves 23 de abril 2026,2026-04-23
58368764546,error de asignación de Quiñones reportado el jueves 23 de abril 2026,2026-04-23
59175604355,error de asignación de Quiñones reportado el jueves 23 de abril 2026,2026-04-23
59039778321,error de asignación de Quiñones reportado el jueves 23 de abril 2026,2026-04-23
58765115184,error de asignación de Quiñones reportado el jueves 23 de abril 2026,2026-04-23
58205270371,error de asignación de Quiñones reportado el jueves 23 de abril 2026,2026-04-23
58251918186,error de asignación de Quiñones reportado el jueves 23 de abril 2026,2026-04-23
59152202280,error de asignación de Quiñones reportado el jueves 23 de abril 2026,2026-04-23
58169548179,error de asignación de Quiñones reportado el jueves 23 de abril 2026,2026-04-23
59335031458,error de asignación de Quiñones reportado el jueves 23 de abril 2026,2026-04-23
57970860455,error de asignación de Quiñones reportado el jueves 23 de abril 2026,2026-04-23
58499371943,error de asignación de Quiñones reportado el jueves 23 de abril 2026,2026-04-23
58833858157,error de asignación de Quiñones reportado el jueves 23 de abril 2026,2026-04-23
59131636118,error de asignación de Quiñones reportado el jueves 23 de abril 2026,2026-04-23
59343584418,error de asignación de Quiñones reportado el jueves 23 de abril 2026,2026-04-23
59310018368,error de asignación de Quiñones reportado el jueves 23 de abril 2026,2026-04-23
58181874983,error de asignación de Quiñones reportado el jueves 23 de abril 2026,2026-04-23
58658184269,error de asignación de Quiñones reportado el jueves 23 de abril 2026,2026-04-23
57973060973,error de asignación de Quiñones reportado el jueves 23 de abril 2026,2026-04-23
59247129360,error de asignación de Quiñones reportado el jueves 23 de abril 2026,2026-04-23
58061599530,error de asignación de Quiñones reportado el jueves 23 de abril 2026,2026-04-23
58657740323,error de asignación de Quiñones reportado el jueves 23 de abril 2026,2026-04-23
58515118234,error de asignación de Quiñones reportado el jueves 23 de abril 2026,2026-04-23
59084540331,error de asignación de Quiñones reportado el jueves 23 de abril 2026,2026-04-23
59168031071,error de asignación de Quiñones reportado el jueves 23 de abril 2026,2026-04-23
58015137806,error de asignación de Quiñones reportado el jueves 23 de abril 2026,2026-04-23
58203443495,error de asignación de Quiñones reportado el jueves 23 de abril 2026,2026-04-23
59083147887,error de asignación de Quiñones reportado el jueves 23 de abril 2026,2026-04-23
58068632419,error de asignación de Quiñones reportado el jueves 23 de abril 2026,2026-04-23
59288465057,error de asignación de Quiñones reportado el jueves 23 de abril 2026,2026-04-23
59318603552,error de asignación de Quiñones reportado el jueves 23 de abril 2026,2026-04-23
58015165299,error de asignación de Quiñones reportado el jueves 23 de abril 2026,2026-04-23
58876831825,error de asignación de Quiñones reportado el jueves 23 de abril 2026,2026-04-23
58211724196,error de asignación de Quiñones reportado el jueves 23 de abril 2026,2026-04-23
59156030020,error de asignación de Quiñones reportado el jueves 23 de abril 2026,2026-04-23
59334231341,error de asignación de Quiñones reportado el jueves 23 de abril 2026,2026-04-23
59120277023,error de asignación de Quiñones reportado el jueves 23 de abril 2026,2026-04-23
58513446703,error de asignación de Quiñones reportado el jueves 23 de abril 2026,2026-04-23
58066137199,error de asignación de Quiñones reportado el jueves 23 de abril 2026,2026-04-23
58727295786,error de asignación de Quiñones reportado el jueves 23 de abril 2026,2026-04-23
59129635658,error de asignación de Quiñones reportado el jueves 23 de abril 2026,2026-04-23
58999708048,error de asignación de Quiñones reportado el jueves 23 de abril 2026,2026-04-23
58327653678,error de asignación de Quiñones reportado el jueves 23 de abril 2026,2026-04-23
59165653850,error de asignación de Quiñones reportado el jueves 23 de abril 2026,2026-04-23
58884873774,error de asignación de Quiñones reportado el jueves 23 de abril 2026,2026-04-23
59332200305,error de asignación de Quiñones reportado el jueves 23 de abril 2026,2026-04-23
58600918920,error de asignación de Quiñones reportado el jueves 23 de abril 2026,2026-04-23
58209729932,error de asignación de Quiñones reportado el jueves 23 de abril 2026,2026-04-23
59023718298,error de asignación de Quiñones reportado el jueves 23 de abril 2026,2026-04-23
59147716944,error de asignación de Quiñones reportado el jueves 23 de abril 2026,2026-04-23
59331519861,error de asignación de Quiñones reportado el jueves 23 de abril 2026,2026-04-23
59098628691,error de asignación de Quiñones reportado el jueves 23 de abril 2026,2026-04-23
59319059976,error de asignación de Quiñones reportado el jueves 23 de abril 2026,2026-04-23
58887746562,error de asignación de Quiñones reportado el jueves 23 de abril 2026,2026-04-23
58953813874,error de asignación de Quiñones reportado el jueves 23 de abril 2026,2026-04-23
58328349614,error de asignación de Quiñones reportado el jueves 23 de abril 2026,2026-04-23
59042563686,error de asignación de Quiñones reportado el jueves 23 de abril 2026,2026-04-23
59042898030,error de asignación de Quiñones reportado el jueves 23 de abril 2026,2026-04-23
59435969178,error de asignación de Quiñones reportado el jueves 23 de abril 2026,2026-04-23
59081159090,error de asignación de Quiñones reportado el jueves 23 de abril 2026,2026-04-23
58057105292,error de asignación de Quiñones reportado el jueves 23 de abril 2026,2026-04-23
59134099621,error de asignación de Quiñones reportado el jueves 23 de abril 2026,2026-04-23
59124384689,error de asignación de Quiñones reportado el jueves 23 de abril 2026,2026-04-23
58070149690,error de asignación de Quiñones reportado el jueves 23 de abril 2026,2026-04-23
57991203625,error de asignación de Quiñones reportado el jueves 23 de abril 2026,2026-04-23
58955758695,error de asignación de Quiñones reportado el jueves 23 de abril 2026,2026-04-23
58512668248,error de asignación de Quiñones reportado el jueves 23 de abril 2026,2026-04-23
58819382409,error de asignación de Quiñones reportado el jueves 23 de abril 2026,2026-04-23
59169614482,error de asignación de Quiñones reportado el jueves 23 de abril 2026,2026-04-23
58779175962,error de asignación de Quiñones reportado el jueves 23 de abril 2026,2026-04-23
59157438242,error de asignación de Quiñones reportado el jueves 23 de abril 2026,2026-04-23
59166609539,error de asignación de Quiñones reportado el jueves 23 de abril 2026,2026-04-23
58573157683,error de asignación de Quiñones reportado el jueves 23 de abril 2026,2026-04-23
58320964480,error de asignación de Quiñones reportado el jueves 23 de abril 2026,2026-04-23
59374829585,error de asignación de Quiñones reportado el jueves 23 de abril 2026,2026-04-23
59166981897,error de asignación de Quiñones reportado el jueves 23 de abril 2026,2026-04-23
58008115716,error de asignación de Quiñones reportado el jueves 23 de abril 2026,2026-04-23
58168411551,error de asignación de Quiñones reportado el jueves 23 de abril 2026,2026-04-23
58880091541,error de asignación de Quiñones reportado el jueves 23 de abril 2026,2026-04-23
59024187682,error de asignación de Quiñones reportado el jueves 23 de abril 2026,2026-04-23
58541699336,error de asignación de Quiñones reportado el jueves 23 de abril 2026,2026-04-23
57981590705,error de asignación de Quiñones reportado el jueves 23 de abril 2026,2026-04-23
58529943052,error de asignación de Quiñones reportado el jueves 23 de abril 2026,2026-04-23
58966020780,error de asignación de Quiñones reportado el jueves 23 de abril 2026,2026-04-23
58943824228,error de asignación de Quiñones reportado el jueves 23 de abril 2026,2026-04-23
58346351500,error de asignación de Quiñones reportado el jueves 23 de abril 2026,2026-04-23
59426713216,error de asignación de Quiñones reportado el jueves 23 de abril 2026,2026-04-23
58069231519,error de asignación de Quiñones reportado el jueves 23 de abril 2026,2026-04-23
58894335300,error de asignación de Quiñones reportado el jueves 23 de abril 2026,2026-04-23
58657824115,error de asignación de Quiñones reportado el jueves 23 de abril 2026,2026-04-23
59025705109,error de asignación de Quiñones reportado el jueves 23 de abril 2026,2026-04-23
59393279809,error de asignación de Quiñones reportado el jueves 23 de abril 2026,2026-04-23
58321985143,error de asignación de Quiñones reportado el jueves 23 de abril 2026,2026-04-23
59097137725,error de asignación de Quiñones reportado el jueves 23 de abril 2026,2026-04-23
59152114301,error de asignación de Quiñones reportado el jueves 23 de abril 2026,2026-04-23
58020824911,error de asignación de Quiñones reportado el jueves 23 de abril 2026,2026-04-23
58051744413,error de asignación de Quiñones reportado el jueves 23 de abril 2026,2026-04-23
59152257904,error de asignación de Quiñones reportado el jueves 23 de abril 2026,2026-04-23
59148603223,error de asignación de Quiñones reportado el jueves 23 de abril 2026,2026-04-23
58853590074,error de asignación de Quiñones reportado el jueves 23 de abril 2026,2026-04-23
59078595644,error de asignación de Quiñones reportado el jueves 23 de abril 2026,2026-04-23
59556092489,error de asignación de Quiñones reportado el jueves 23 de abril 2026,2026-04-23
58605550113,error de asignación de Quiñones reportado el jueves 23 de abril 2026,2026-04-23
58726000399,error de asignación de Quiñones reportado el jueves 23 de abril 2026,2026-04-23
58215117112,error de asignación de Quiñones reportado el jueves 23 de abril 2026,2026-04-23
58938147097,error de asignación de Quiñones reportado el jueves 23 de abril 2026,2026-04-23
58327084091,error de asignación de Quiñones reportado el jueves 23 de abril 2026,2026-04-23
58884781409,error de asignación de Quiñones reportado el jueves 23 de abril 2026,2026-04-23
58519140164,error de asignación de Quiñones reportado el jueves 23 de abril 2026,2026-04-23
58657687961,error de asignación de Quiñones reportado el jueves 23 de abril 2026,2026-04-23
58237670265,error de asignación de Quiñones reportado el jueves 23 de abril 2026,2026-04-23
58800842044,error de asignación de Quiñones reportado el jueves 23 de abril 2026,2026-04-23
59122792498,error de asignación de Quiñones reportado el jueves 23 de abril 2026,2026-04-23
58528447801,error de asignación de Quiñones reportado el jueves 23 de abril 2026,2026-04-23
58523157148,error de asignación de Quiñones reportado el jueves 23 de abril 2026,2026-04-23
58098066952,error de asignación de Quiñones reportado el jueves 23 de abril 2026,2026-04-23
59108214184,error de asignación de Quiñones reportado el jueves 23 de abril 2026,2026-04-23
58228326229,error de asignación de Quiñones reportado el jueves 23 de abril 2026,2026-04-23
59002537579,error de asignación de Quiñones reportado el jueves 23 de abril 2026,2026-04-23
58860581185,error de asignación de Quiñones reportado el jueves 23 de abril 2026,2026-04-23
57953003366,error de asignación de Quiñones reportado el jueves 23 de abril 2026,2026-04-23
58059545742,error de asignación de Quiñones reportado el jueves 23 de abril 2026,2026-04-23
59319320202,error de asignación de Quiñones reportado el jueves 23 de abril 2026,2026-04-23
58076124345,error de asignación de Quiñones reportado el jueves 23 de abril 2026,2026-04-23
58895533641,error de asignación de Quiñones reportado el jueves 23 de abril 2026,2026-04-23
58645954229,error de asignación de Quiñones reportado el jueves 23 de abril 2026,2026-04-23
59312760656,error de asignación de Quiñones reportado el jueves 23 de abril 2026,2026-04-23
58205843357,error de asignación de Quiñones reportado el jueves 23 de abril 2026,2026-04-23
57983657379,error de asignación de Quiñones reportado el jueves 23 de abril 2026,2026-04-23
57958351402,error de asignación de Quiñones reportado el jueves 23 de abril 2026,2026-04-23
58212721780,error de asignación de Quiñones reportado el jueves 23 de abril 2026,2026-04-23
58945275930,error de asignación de Quiñones reportado el jueves 23 de abril 2026,2026-04-23
58888732819,error de asignación de Quiñones reportado el jueves 23 de abril 2026,2026-04-23
58898523517,error de asignación de Quiñones reportado el jueves 23 de abril 2026,2026-04-23
58320303417,error de asignación de Quiñones reportado el jueves 23 de abril 2026,2026-04-23
58693901707,error de asignación de Quiñones reportado el jueves 23 de abril 2026,2026-04-23
59301698317,error de asignación de Quiñones reportado el jueves 23 de abril 2026,2026-04-23
59169464440,error de asignación de Quiñones reportado el jueves 23 de abril 2026,2026-04-23
59128397727,error de asignación de Quiñones reportado el jueves 23 de abril 2026,2026-04-23
59169108044,error de asignación de Quiñones reportado el jueves 23 de abril 2026,2026-04-23
59154323541,error de asignación de Quiñones reportado el jueves 23 de abril 2026,2026-04-23
58347437101,error de asignación de Quiñones reportado el jueves 23 de abril 2026,2026-04-23
59097140103,error de asignación de Quiñones reportado el jueves 23 de abril 2026,2026-04-23
58861741158,error de asignación de Quiñones reportado el jueves 23 de abril 2026,2026-04-23
59444254542,error de asignación de Quiñones reportado el jueves 23 de abril 2026,2026-04-23
58653981815,error de asignación de Quiñones reportado el jueves 23 de abril 2026,2026-04-23
58066317846,error de asignación de Quiñones reportado el jueves 23 de abril 2026,2026-04-23
58348365186,error de asignación de Quiñones reportado el jueves 23 de abril 2026,2026-04-23
58671331367,error de asignación de Quiñones reportado el jueves 23 de abril 2026,2026-04-23
59576972713,error de asignación de Quiñones reportado el jueves 23 de abril 2026,2026-04-23
58048151203,error de asignación de Quiñones reportado el jueves 23 de abril 2026,2026-04-23
59330223242,error de asignación de Quiñones reportado el jueves 23 de abril 2026,2026-04-23
58451681538,error de asignación de Quiñones reportado el jueves 23 de abril 2026,2026-04-23
58498983747,error de asignación de Quiñones reportado el jueves 23 de abril 2026,2026-04-23
58378762861,error de asignación de Quiñones reportado el jueves 23 de abril 2026,2026-04-23
58140074641,error de asignación de Quiñones reportado el jueves 23 de abril 2026,2026-04-23
58214659468,error de asignación de Quiñones reportado el jueves 23 de abril 2026,2026-04-23
58371402933,error de asignación de Quiñones reportado el jueves 23 de abril 2026,2026-04-23
59342572815,error de asignación de Quiñones reportado el jueves 23 de abril 2026,2026-04-23
58218960545,error de asignación de Quiñones reportado el jueves 23 de abril 2026,2026-04-23
59222890841,error de asignación de Quiñones reportado el jueves 23 de abril 2026,2026-04-23
58320248395,error de asignación de Quiñones reportado el jueves 23 de abril 2026,2026-04-23
58996375370,error de asignación de Quiñones reportado el jueves 23 de abril 2026,2026-04-23
57970808658,error de asignación de Quiñones reportado el jueves 23 de abril 2026,2026-04-23
58131917868,error de asignación de Quiñones reportado el jueves 23 de abril 2026,2026-04-23
58052138900,error de asignación de Quiñones reportado el jueves 23 de abril 2026,2026-04-23
59133587284,error de asignación de Quiñones reportado el jueves 23 de abril 2026,2026-04-23
59273178021,error de asignación de Quiñones reportado el jueves 23 de abril 2026,2026-04-23
58436183146,error de asignación de Quiñones reportado el jueves 23 de abril 2026,2026-04-23
59034018331,error de asignación de Quiñones reportado el jueves 23 de abril 2026,2026-04-23
59325250395,error de asignación de Quiñones reportado el jueves 23 de abril 2026,2026-04-23
58014850060,error de asignación de Quiñones reportado el jueves 23 de abril 2026,2026-04-23
58440417079,error de asignación de Quiñones reportado el jueves 23 de abril 2026,2026-04-23
59426073894,error de asignación de Quiñones reportado el jueves 23 de abril 2026,2026-04-23
58657964144,error de asignación de Quiñones reportado el jueves 23 de abril 2026,2026-04-23
59020827474,error de asignación de Quiñones reportado el jueves 23 de abril 2026,2026-04-23
58226755198,error de asignación de Quiñones reportado el jueves 23 de abril 2026,2026-04-23
59136857944,error de asignación de Quiñones reportado el jueves 23 de abril 2026,2026-04-23
58173253796,error de asignación de Quiñones reportado el jueves 23 de abril 2026,2026-04-23
58837056152,error de asignación de Quiñones reportado el jueves 23 de abril 2026,2026-04-23
59181780893,error de asignación de Quiñones reportado el jueves 23 de abril 2026,2026-04-23
58644424084,error de asignación de Quiñones reportado el jueves 23 de abril 2026,2026-04-23
59220255508,error de asignación de Quiñones reportado el jueves 23 de abril 2026,2026-04-23
58998296634,error de asignación de Quiñones reportado el jueves 23 de abril 2026,2026-04-23
58507400628,error de asignación de Quiñones reportado el jueves 23 de abril 2026,2026-04-23
58727884363,error de asignación de Quiñones reportado el jueves 23 de abril 2026,2026-04-23
58242817939,error de asignación de Quiñones reportado el jueves 23 de abril 2026,2026-04-23
59133855110,error de asignación de Quiñones reportado el jueves 23 de abril 2026,2026-04-23
58099135033,error de asignación de Quiñones reportado el jueves 23 de abril 2026,2026-04-23
58926852171,error de asignación de Quiñones reportado el jueves 23 de abril 2026,2026-04-23
58060914291,error de asignación de Quiñones reportado el jueves 23 de abril 2026,2026-04-23
59174718986,error de asignación de Quiñones reportado el jueves 23 de abril 2026,2026-04-23
58006264837,error de asignación de Quiñones reportado el jueves 23 de abril 2026,2026-04-23
59134938925,error de asignación de Quiñones reportado el jueves 23 de abril 2026,2026-04-23
59389915557,error de asignación de Quiñones reportado el jueves 23 de abril 2026,2026-04-23
59156912392,error de asignación de Quiñones reportado el jueves 23 de abril 2026,2026-04-23
58158551672,error de asignación de Quiñones reportado el jueves 23 de abril 2026,2026-04-23
57946821176,error de asignación de Quiñones reportado el jueves 23 de abril 2026,2026-04-23
58246939302,error de asignación de Quiñones reportado el jueves 23 de abril 2026,2026-04-23
58499775846,error de asignación de Quiñones reportado el jueves 23 de abril 2026,2026-04-23
59122230660,error de asignación de Quiñones reportado el jueves 23 de abril 2026,2026-04-23
57725271937,error de asignación de Quiñones reportado el jueves 23 de abril 2026,2026-04-23
58270806564,error de asignación de Quiñones reportado el jueves 23 de abril 2026,2026-04-23
58166687241,error de asignación de Quiñones reportado el jueves 23 de abril 2026,2026-04-23
58835015437,error de asignación de Quiñones reportado el jueves 23 de abril 2026,2026-04-23
58790653986,error de asignación de Quiñones reportado el jueves 23 de abril 2026,2026-04-23
59454474756,error de asignación de Quiñones reportado el jueves 23 de abril 2026,2026-04-23
59145373816,error de asignación de Quiñones reportado el jueves 23 de abril 2026,2026-04-23
58384204701,error de asignación de Quiñones reportado el jueves 23 de abril 2026,2026-04-23
59099198275,error de asignación de Quiñones reportado el jueves 23 de abril 2026,2026-04-23
58382780306,error de asignación de Quiñones reportado el jueves 23 de abril 2026,2026-04-23
59122718539,error de asignación de Quiñones reportado el jueves 23 de abril 2026,2026-04-23
58441971036,error de asignación de Quiñones reportado el jueves 23 de abril 2026,2026-04-23
59065179927,error de asignación de Quiñones reportado el jueves 23 de abril 2026,2026-04-23
58867554194,error de asignación de Quiñones reportado el jueves 23 de abril 2026,2026-04-23
59168331437,error de asignación de Quiñones reportado el jueves 23 de abril 2026,2026-04-23
59369114637,error de asignación de Quiñones reportado el jueves 23 de abril 2026,2026-04-23
59119503545,error de asignación de Quiñones reportado el jueves 23 de abril 2026,2026-04-23
58435404981,error de asignación de Quiñones reportado el jueves 23 de abril 2026,2026-04-23
57988223101,error de asignación de Quiñones reportado el jueves 23 de abril 2026,2026-04-23
58002790961,error de asignación de Quiñones reportado el jueves 23 de abril 2026,2026-04-23
58522466187,error de asignación de Quiñones reportado el jueves 23 de abril 2026,2026-04-23
58004710065,error de asignación de Quiñones reportado el jueves 23 de abril 2026,2026-04-23
58886577787,error de asignación de Quiñones reportado el jueves 23 de abril 2026,2026-04-23
58227102213,error de asignación de Quiñones reportado el jueves 23 de abril 2026,2026-04-23
58238366736,error de asignación de Quiñones reportado el jueves 23 de abril 2026,2026-04-23
58438113065,error de asignación de Quiñones reportado el jueves 23 de abril 2026,2026-04-23
58822015776,error de asignación de Quiñones reportado el jueves 23 de abril 2026,2026-04-23
59223277467,error de asignación de Quiñones reportado el jueves 23 de abril 2026,2026-04-23
58067358742,error de asignación de Quiñones reportado el jueves 23 de abril 2026,2026-04-23
58844024613,error de asignación de Quiñones reportado el jueves 23 de abril 2026,2026-04-23
58211313733,error de asignación de Quiñones reportado el jueves 23 de abril 2026,2026-04-23
59038707369,error de asignación de Quiñones reportado el jueves 23 de abril 2026,2026-04-23
59224318250,error de asignación de Quiñones reportado el jueves 23 de abril 2026,2026-04-23
58136531562,error de asignación de Quiñones reportado el jueves 23 de abril 2026,2026-04-23
59391471632,error de asignación de Quiñones reportado el jueves 23 de abril 2026,2026-04-23
58444381208,error de asignación de Quiñones reportado el jueves 23 de abril 2026,2026-04-23
57958971056,error de asignación de Quiñones reportado el jueves 23 de abril 2026,2026-04-23
58967297958,error de asignación de Quiñones reportado el jueves 23 de abril 2026,2026-04-23
59213030452,error de asignación de Quiñones reportado el jueves 23 de abril 2026,2026-04-23
59341840166,error de asignación de Quiñones reportado el jueves 23 de abril 2026,2026-04-23
59377641910,error de asignación de Quiñones reportado el jueves 23 de abril 2026,2026-04-23
59098879809,error de asignación de Quiñones reportado el jueves 23 de abril 2026,2026-04-23
59390345286,error de asignación de Quiñones reportado el jueves 23 de abril 2026,2026-04-23
58318429791,error de asignación de Quiñones reportado el jueves 23 de abril 2026,2026-04-23
59318989455,error de asignación de Quiñones reportado el jueves 23 de abril 2026,2026-04-23
58726161932,error de asignación de Quiñones reportado el jueves 23 de abril 2026,2026-04-23
58940407828,error de asignación de Quiñones reportado el jueves 23 de abril 2026,2026-04-23
58240670060,error de asignación de Quiñones reportado el jueves 23 de abril 2026,2026-04-23
58066459010,error de asignación de Quiñones reportado el jueves 23 de abril 2026,2026-04-23
59147287951,error de asignación de Quiñones reportado el jueves 23 de abril 2026,2026-04-23
59038715491,error de asignación de Quiñones reportado el jueves 23 de abril 2026,2026-04-23
58051676600,error de asignación de Quiñones reportado el jueves 23 de abril 2026,2026-04-23
58370246020,error de asignación de Quiñones reportado el jueves 23 de abril 2026,2026-04-23
58014475911,error de asignación de Quiñones reportado el jueves 23 de abril 2026,2026-04-23
58210712413,error de asignación de Quiñones reportado el jueves 23 de abril 2026,2026-04-23
59007298886,error de asignación de Quiñones reportado el jueves 23 de abril 2026,2026-04-23
59368996636,error de asignación de Quiñones reportado el jueves 23 de abril 2026,2026-04-23
58946875435,error de asignación de Quiñones reportado el jueves 23 de abril 2026,2026-04-23
58655666544,error de asignación de Quiñones reportado el jueves 23 de abril 2026,2026-04-23
58879113334,error de asignación de Quiñones reportado el jueves 23 de abril 2026,2026-04-23
58519155640,error de asignación de Quiñones reportado el jueves 23 de abril 2026,2026-04-23
59455394983,error de asignación de Quiñones reportado el jueves 23 de abril 2026,2026-04-23
57911715083,error de asignación de Quiñones reportado el jueves 23 de abril 2026,2026-04-23
58064040806,error de asignación de Quiñones reportado el jueves 23 de abril 2026,2026-04-23
57979455081,error de asignación de Quiñones reportado el jueves 23 de abril 2026,2026-04-23
58021036385,error de asignación de Quiñones reportado el jueves 23 de abril 2026,2026-04-23
58159807114,error de asignación de Quiñones reportado el jueves 23 de abril 2026,2026-04-23
58643608686,error de asignación de Quiñones reportado el jueves 23 de abril 2026,2026-04-23
59041331858,error de asignación de Quiñones reportado el jueves 23 de abril 2026,2026-04-23
58541668501,error de asignación de Quiñones reportado el jueves 23 de abril 2026,2026-04-23
58897110024,error de asignación de Quiñones reportado el jueves 23 de abril 2026,2026-04-23
58236983871,error de asignación de Quiñones reportado el jueves 23 de abril 2026,2026-04-23
59217003870,error de asignación de Quiñones reportado el jueves 23 de abril 2026,2026-04-23
58063774362,error de asignación de Quiñones reportado el jueves 23 de abril 2026,2026-04-23
58520695871,error de asignación de Quiñones reportado el jueves 23 de abril 2026,2026-04-23
59415519927,error de asignación de Quiñones reportado el jueves 23 de abril 2026,2026-04-23
59135035040,error de asignación de Quiñones reportado el jueves 23 de abril 2026,2026-04-23
58022479212,error de asignación de Quiñones reportado el jueves 23 de abril 2026,2026-04-23
58203679239,error de asignación de Quiñones reportado el jueves 23 de abril 2026,2026-04-23
59417663377,error de asignación de Quiñones reportado el jueves 23 de abril 2026,2026-04-23
59326683672,error de asignación de Quiñones reportado el jueves 23 de abril 2026,2026-04-23
58940023985,error de asignación de Quiñones reportado el jueves 23 de abril 2026,2026-04-23
57971354438,error de asignación de Quiñones reportado el jueves 23 de abril 2026,2026-04-23
58956225891,error de asignación de Quiñones reportado el jueves 23 de abril 2026,2026-04-23
59316932022,error de asignación de Quiñones reportado el jueves 23 de abril 2026,2026-04-23
58853127176,error de asignación de Quiñones reportado el jueves 23 de abril 2026,2026-04-23
58321676596,error de asignación de Quiñones reportado el jueves 23 de abril 2026,2026-04-23
59316214604,error de asignación de Quiñones reportado el jueves 23 de abril 2026,2026-04-23
59249043722,error de asignación de Quiñones reportado el jueves 23 de abril 2026,2026-04-23
58879037267,error de asignación de Quiñones reportado el jueves 23 de abril 2026,2026-04-23
58923665800,error de asignación de Quiñones reportado el jueves 23 de abril 2026,2026-04-23
58173077384,error de asignación de Quiñones reportado el jueves 23 de abril 2026,2026-04-23
58061315707,error de asignación de Quiñones reportado el jueves 23 de abril 2026,2026-04-23
59318216621,error de asignación de Quiñones reportado el jueves 23 de abril 2026,2026-04-23
59139748275,error de asignación de Quiñones reportado el jueves 23 de abril 2026,2026-04-23
57984811869,error de asignación de Quiñones reportado el jueves 23 de abril 2026,2026-04-23
58522823603,error de asignación de Quiñones reportado el jueves 23 de abril 2026,2026-04-23
58437238882,error de asignación de Quiñones reportado el jueves 23 de abril 2026,2026-04-23
59104833412,error de asignación de Quiñones reportado el jueves 23 de abril 2026,2026-04-23
59044298924,error de asignación de Quiñones reportado el jueves 23 de abril 2026,2026-04-23
59313243674,error de asignación de Quiñones reportado el jueves 23 de abril 2026,2026-04-23
58648289388,error de asignación de Quiñones reportado el jueves 23 de abril 2026,2026-04-23
57981084014,error de asignación de Quiñones reportado el jueves 23 de abril 2026,2026-04-23
58527624795,error de asignación de Quiñones reportado el jueves 23 de abril 2026,2026-04-23
58379024677,error de asignación de Quiñones reportado el jueves 23 de abril 2026,2026-04-23
58510178870,error de asignación de Quiñones reportado el jueves 23 de abril 2026,2026-04-23
58273654653,error de asignación de Quiñones reportado el jueves 23 de abril 2026,2026-04-23
59389377148,error de asignación de Quiñones reportado el jueves 23 de abril 2026,2026-04-23
58852736617,error de asignación de Quiñones reportado el jueves 23 de abril 2026,2026-04-23
59467226028,error de asignación de Quiñones reportado el jueves 23 de abril 2026,2026-04-23
58318489699,error de asignación de Quiñones reportado el jueves 23 de abril 2026,2026-04-23
59380079517,error de asignación de Quiñones reportado el jueves 23 de abril 2026,2026-04-23
59378935592,error de asignación de Quiñones reportado el jueves 23 de abril 2026,2026-04-23
58177842830,error de asignación de Quiñones reportado el jueves 23 de abril 2026,2026-04-23
59380188026,error de asignación de Quiñones reportado el jueves 23 de abril 2026,2026-04-23
58875535799,error de asignación de Quiñones reportado el jueves 23 de abril 2026,2026-04-23
59373244240,error de asignación de Quiñones reportado el jueves 23 de abril 2026,2026-04-23
58681278320,error de asignación de Quiñones reportado el jueves 23 de abril 2026,2026-04-23
57943134318,error de asignación de Quiñones reportado el jueves 23 de abril 2026,2026-04-23
58270973257,error de asignación de Quiñones reportado el jueves 23 de abril 2026,2026-04-23
58438301110,error de asignación de Quiñones reportado el jueves 23 de abril 2026,2026-04-23
59309961795,error de asignación de Quiñones reportado el jueves 23 de abril 2026,2026-04-23
59020993453,error de asignación de Quiñones reportado el jueves 23 de abril 2026,2026-04-23
57882548650,error de asignación de Quiñones reportado el jueves 23 de abril 2026,2026-04-23
59133979303,error de asignación de Quiñones reportado el jueves 23 de abril 2026,2026-04-23
59167264279,error de asignación de Quiñones reportado el jueves 23 de abril 2026,2026-04-23
59148132521,error de asignación de Quiñones reportado el jueves 23 de abril 2026,2026-04-23
58323364387,error de asignación de Quiñones reportado el jueves 23 de abril 2026,2026-04-23
58064899398,error de asignación de Quiñones reportado el jueves 23 de abril 2026,2026-04-23
58885314317,error de asignación de Quiñones reportado el jueves 23 de abril 2026,2026-04-23
58184047692,error de asignación de Quiñones reportado el jueves 23 de abril 2026,2026-04-23
58935627026,error de asignación de Quiñones reportado el jueves 23 de abril 2026,2026-04-23
59136532850,error de asignación de Quiñones reportado el jueves 23 de abril 2026,2026-04-23
58657996979,error de asignación de Quiñones reportado el jueves 23 de abril 2026,2026-04-23
57897445277,error de asignación de Quiñones reportado el jueves 23 de abril 2026,2026-04-23
58955358467,error de asignación de Quiñones reportado el jueves 23 de abril 2026,2026-04-23
59148200770,error de asignación de Quiñones reportado el jueves 23 de abril 2026,2026-04-23
59466772823,error de asignación de Quiñones reportado el jueves 23 de abril 2026,2026-04-23
58226923928,error de asignación de Quiñones reportado el jueves 23 de abril 2026,2026-04-23
58102695265,error de asignación de Quiñones reportado el jueves 23 de abril 2026,2026-04-23
57284545446,error de asignación de Quiñones reportado el jueves 23 de abril 2026,2026-04-23
58067352133,error de asignación de Quiñones reportado el jueves 23 de abril 2026,2026-04-23
58233760366,error de asignación de Quiñones reportado el jueves 23 de abril 2026,2026-04-23
58527663876,error de asignación de Quiñones reportado el jueves 23 de abril 2026,2026-04-23
59328437028,error de asignación de Quiñones reportado el jueves 23 de abril 2026,2026-04-23
58854684282,error de asignación de Quiñones reportado el jueves 23 de abril 2026,2026-04-23
58133829812,error de asignación de Quiñones reportado el jueves 23 de abril 2026,2026-04-23
58266419819,error de asignación de Quiñones reportado el jueves 23 de abril 2026,2026-04-23
58379523456,error de asignación de Quiñones reportado el jueves 23 de abril 2026,2026-04-23
58530059816,error de asignación de Quiñones reportado el jueves 23 de abril 2026,2026-04-23
58156969629,error de asignación de Quiñones reportado el jueves 23 de abril 2026,2026-04-23
58333065236,error de asignación de Quiñones reportado el jueves 23 de abril 2026,2026-04-23
58223077975,error de asignación de Quiñones reportado el jueves 23 de abril 2026,2026-04-23
59145610509,error de asignación de Quiñones reportado el jueves 23 de abril 2026,2026-04-23
59165524063,error de asignación de Quiñones reportado el jueves 23 de abril 2026,2026-04-23
58650150252,error de asignación de Quiñones reportado el jueves 23 de abril 2026,2026-04-23
59336620349,error de asignación de Quiñones reportado el jueves 23 de abril 2026,2026-04-23
59228023953,error de asignación de Quiñones reportado el jueves 23 de abril 2026,2026-04-23
58011057215,error de asignación de Quiñones reportado el jueves 23 de abril 2026,2026-04-23
58836726140,error de asignación de Quiñones reportado el jueves 23 de abril 2026,2026-04-23
59147590831,error de asignación de Quiñones reportado el jueves 23 de abril 2026,2026-04-23
59036333409,error de asignación de Quiñones reportado el jueves 23 de abril 2026,2026-04-23
58217517634,error de asignación de Quiñones reportado el jueves 23 de abril 2026,2026-04-23
59134713900,error de asignación de Quiñones reportado el jueves 23 de abril 2026,2026-04-23
58611721995,error de asignación de Quiñones reportado el jueves 23 de abril 2026,2026-04-23
59047581556,error de asignación de Quiñones reportado el jueves 23 de abril 2026,2026-04-23
59417355190,error de asignación de Quiñones reportado el jueves 23 de abril 2026,2026-04-23
58015016866,error de asignación de Quiñones reportado el jueves 23 de abril 2026,2026-04-23
58669717506,error de asignación de Quiñones reportado el jueves 23 de abril 2026,2026-04-23
58433985358,error de asignación de Quiñones reportado el jueves 23 de abril 2026,2026-04-23
59465669490,error de asignación de Quiñones reportado el jueves 23 de abril 2026,2026-04-23
58333322386,error de asignación de Quiñones reportado el jueves 23 de abril 2026,2026-04-23
58713030719,error de asignación de Quiñones reportado el jueves 23 de abril 2026,2026-04-23
59343594526,error de asignación de Quiñones reportado el jueves 23 de abril 2026,2026-04-23
59139380620,error de asignación de Quiñones reportado el jueves 23 de abril 2026,2026-04-23
57954161963,error de asignación de Quiñones reportado el jueves 23 de abril 2026,2026-04-23
58069071686,error de asignación de Quiñones reportado el jueves 23 de abril 2026,2026-04-23
58500697909,error de asignación de Quiñones reportado el jueves 23 de abril 2026,2026-04-23
58670842770,error de asignación de Quiñones reportado el jueves 23 de abril 2026,2026-04-23
59154092313,error de asignación de Quiñones reportado el jueves 23 de abril 2026,2026-04-23
58062430021,error de asignación de Quiñones reportado el jueves 23 de abril 2026,2026-04-23
59389070941,error de asignación de Quiñones reportado el jueves 23 de abril 2026,2026-04-23
58010963547,error de asignación de Quiñones reportado el jueves 23 de abril 2026,2026-04-23
58204697923,error de asignación de Quiñones reportado el jueves 23 de abril 2026,2026-04-23
58516451846,error de asignación de Quiñones reportado el jueves 23 de abril 2026,2026-04-23
57972845573,error de asignación de Quiñones reportado el jueves 23 de abril 2026,2026-04-23
58169717059,error de asignación de Quiñones reportado el jueves 23 de abril 2026,2026-04-23
58115011989,error de asignación de Quiñones reportado el jueves 23 de abril 2026,2026-04-23
59414326659,error de asignación de Quiñones reportado el jueves 23 de abril 2026,2026-04-23
59133721217,error de asignación de Quiñones reportado el jueves 23 de abril 2026,2026-04-23
59234073955,error de asignación de Quiñones reportado el jueves 23 de abril 2026,2026-04-23
57987917151,error de asignación de Quiñones reportado el jueves 23 de abril 2026,2026-04-23
58853127322,error de asignación de Quiñones reportado el jueves 23 de abril 2026,2026-04-23
58657273761,error de asignación de Quiñones reportado el jueves 23 de abril 2026,2026-04-23
58935357078,error de asignación de Quiñones reportado el jueves 23 de abril 2026,2026-04-23
58501539714,error de asignación de Quiñones reportado el jueves 23 de abril 2026,2026-04-23
59457755268,error de asignación de Quiñones reportado el jueves 23 de abril 2026,2026-04-23
59128690538,error de asignación de Quiñones reportado el jueves 23 de abril 2026,2026-04-23
59237392461,error de asignación de Quiñones reportado el jueves 23 de abril 2026,2026-04-23
58878516569,error de asignación de Quiñones reportado el jueves 23 de abril 2026,2026-04-23
58064419963,error de asignación de Quiñones reportado el jueves 23 de abril 2026,2026-04-23
58055987493,error de asignación de Quiñones reportado el jueves 23 de abril 2026,2026-04-23
58718411828,error de asignación de Quiñones reportado el jueves 23 de abril 2026,2026-04-23
57940896184,error de asignación de Quiñones reportado el jueves 23 de abril 2026,2026-04-23
58252184660,error de asignación de Quiñones reportado el jueves 23 de abril 2026,2026-04-23
59152938029,error de asignación de Quiñones reportado el jueves 23 de abril 2026,2026-04-23
59432258826,error de asignación de Quiñones reportado el jueves 23 de abril 2026,2026-04-23
58209638722,error de asignación de Quiñones reportado el jueves 23 de abril 2026,2026-04-23
59443775086,error de asignación de Quiñones reportado el jueves 23 de abril 2026,2026-04-23
58060048469,error de asignación de Quiñones reportado el jueves 23 de abril 2026,2026-04-23
59371721014,error de asignación de Quiñones reportado el jueves 23 de abril 2026,2026-04-23
59223682175,error de asignación de Quiñones reportado el jueves 23 de abril 2026,2026-04-23
59224879797,error de asignación de Quiñones reportado el jueves 23 de abril 2026,2026-04-23
58957159556,error de asignación de Quiñones reportado el jueves 23 de abril 2026,2026-04-23
58945422192,error de asignación de Quiñones reportado el jueves 23 de abril 2026,2026-04-23
58935966298,error de asignación de Quiñones reportado el jueves 23 de abril 2026,2026-04-23
59463949105,error de asignación de Quiñones reportado el jueves 23 de abril 2026,2026-04-23
58318940337,error de asignación de Quiñones reportado el jueves 23 de abril 2026,2026-04-23
57987294123,error de asignación de Quiñones reportado el jueves 23 de abril 2026,2026-04-23
58212660844,error de asignación de Quiñones reportado el jueves 23 de abril 2026,2026-04-23
59384915069,error de asignación de Quiñones reportado el jueves 23 de abril 2026,2026-04-23
59081977353,error de asignación de Quiñones reportado el jueves 23 de abril 2026,2026-04-23
58015093061,error de asignación de Quiñones reportado el jueves 23 de abril 2026,2026-04-23
58443266220,error de asignación de Quiñones reportado el jueves 23 de abril 2026,2026-04-23
59137831022,error de asignación de Quiñones reportado el jueves 23 de abril 2026,2026-04-23
59312685339,error de asignación de Quiñones reportado el jueves 23 de abril 2026,2026-04-23
59316409722,error de asignación de Quiñones reportado el jueves 23 de abril 2026,2026-04-23
59315744365,error de asignación de Quiñones reportado el jueves 23 de abril 2026,2026-04-23
58698032730,error de asignación de Quiñones reportado el jueves 23 de abril 2026,2026-04-23
58011899404,error de asignación de Quiñones reportado el jueves 23 de abril 2026,2026-04-23
58103742386,error de asignación de Quiñones reportado el jueves 23 de abril 2026,2026-04-23
58967806576,error de asignación de Quiñones reportado el jueves 23 de abril 2026,2026-04-23
59314833785,error de asignación de Quiñones reportado el jueves 23 de abril 2026,2026-04-23
57988139348,error de asignación de Quiñones reportado el jueves 23 de abril 2026,2026-04-23
59312247196,error de asignación de Quiñones reportado el jueves 23 de abril 2026,2026-04-23
59147382291,error de asignación de Quiñones reportado el jueves 23 de abril 2026,2026-04-23
58631788145,error de asignación de Quiñones reportado el jueves 23 de abril 2026,2026-04-23
59221858906,error de asignación de Quiñones reportado el jueves 23 de abril 2026,2026-04-23
59080262686,error de asignación de Quiñones reportado el jueves 23 de abril 2026,2026-04-23
59102708006,error de asignación de Quiñones reportado el jueves 23 de abril 2026,2026-04-23
58645218403,error de asignación de Quiñones reportado el jueves 23 de abril 2026,2026-04-23
58796623490,error de asignación de Quiñones reportado el jueves 23 de abril 2026,2026-04-23
58370566413,error de asignación de Quiñones reportado el jueves 23 de abril 2026,2026-04-23
59120430375,error de asignación de Quiñones reportado el jueves 23 de abril 2026,2026-04-23
58010401868,error de asignación de Quiñones reportado el jueves 23 de abril 2026,2026-04-23
58950766764,error de asignación de Quiñones reportado el jueves 23 de abril 2026,2026-04-23
59135602526,error de asignación de Quiñones reportado el jueves 23 de abril 2026,2026-04-23
59391611172,error de asignación de Quiñones reportado el jueves 23 de abril 2026,2026-04-23
58698204750,error de asignación de Quiñones reportado el jueves 23 de abril 2026,2026-04-23
58312887960,error de asignación de Quiñones reportado el jueves 23 de abril 2026,2026-04-23
59216985888,error de asignación de Quiñones reportado el jueves 23 de abril 2026,2026-04-23
59150732801,error de asignación de Quiñones reportado el jueves 23 de abril 2026,2026-04-23
58949719160,error de asignación de Quiñones reportado el jueves 23 de abril 2026,2026-04-23
59532724548,error de asignación de Quiñones reportado el jueves 23 de abril 2026,2026-04-23
59450736493,error de asignación de Quiñones reportado el jueves 23 de abril 2026,2026-04-23
57953835100,error de asignación de Quiñones reportado el jueves 23 de abril 2026,2026-04-23
59314919324,error de asignación de Quiñones reportado el jueves 23 de abril 2026,2026-04-23
58241567799,error de asignación de Quiñones reportado el jueves 23 de abril 2026,2026-04-23
58052853010,error de asignación de Quiñones reportado el jueves 23 de abril 2026,2026-04-23
58952395064,error de asignación de Quiñones reportado el jueves 23 de abril 2026,2026-04-23
58163747749,error de asignación de Quiñones reportado el jueves 23 de abril 2026,2026-04-23
58863129683,error de asignación de Quiñones reportado el jueves 23 de abril 2026,2026-04-23
58218119563,error de asignación de Quiñones reportado el jueves 23 de abril 2026,2026-04-23
58057060110,error de asignación de Quiñones reportado el jueves 23 de abril 2026,2026-04-23
59218265433,error de asignación de Quiñones reportado el jueves 23 de abril 2026,2026-04-23
58851932813,error de asignación de Quiñones reportado el jueves 23 de abril 2026,2026-04-23
57990952470,error de asignación de Quiñones reportado el jueves 23 de abril 2026,2026-04-23
58593075874,error de asignación de Quiñones reportado el jueves 23 de abril 2026,2026-04-23
58955914387,error de asignación de Quiñones reportado el jueves 23 de abril 2026,2026-04-23
59233319529,error de asignación de Quiñones reportado el jueves 23 de abril 2026,2026-04-23
58382302890,error de asignación de Quiñones reportado el jueves 23 de abril 2026,2026-04-23
58771680384,error de asignación de Quiñones reportado el jueves 23 de abril 2026,2026-04-23
59176442660,error de asignación de Quiñones reportado el jueves 23 de abril 2026,2026-04-23
58015191211,error de asignación de Quiñones reportado el jueves 23 de abril 2026,2026-04-23
59336640144,error de asignación de Quiñones reportado el jueves 23 de abril 2026,2026-04-23
58528155260,error de asignación de Quiñones reportado el jueves 23 de abril 2026,2026-04-23
59375692070,error de asignación de Quiñones reportado el jueves 23 de abril 2026,2026-04-23
59319078469,error de asignación de Quiñones reportado el jueves 23 de abril 2026,2026-04-23
59169701952,error de asignación de Quiñones reportado el jueves 23 de abril 2026,2026-04-23
59151581234,error de asignación de Quiñones reportado el jueves 23 de abril 2026,2026-04-23
59001619343,error de asignación de Quiñones reportado el jueves 23 de abril 2026,2026-04-23
58058598782,error de asignación de Quiñones reportado el jueves 23 de abril 2026,2026-04-23
59087891128,error de asignación de Quiñones reportado el jueves 23 de abril 2026,2026-04-23
58961740587,error de asignación de Quiñones reportado el jueves 23 de abril 2026,2026-04-23
59367469571,error de asignación de Quiñones reportado el jueves 23 de abril 2026,2026-04-23
58852966679,error de asignación de Quiñones reportado el jueves 23 de abril 2026,2026-04-23
58005900123,error de asignación de Quiñones reportado el jueves 23 de abril 2026,2026-04-23
58246472095,error de asignación de Quiñones reportado el jueves 23 de abril 2026,2026-04-23
59130577849,error de asignación de Quiñones reportado el jueves 23 de abril 2026,2026-04-23
59333569935,error de asignación de Quiñones reportado el jueves 23 de abril 2026,2026-04-23
58958672712,error de asignación de Quiñones reportado el jueves 23 de abril 2026,2026-04-23
59139968809,error de asignación de Quiñones reportado el jueves 23 de abril 2026,2026-04-23
57983106844,error de asignación de Quiñones reportado el jueves 23 de abril 2026,2026-04-23
59231513872,error de asignación de Quiñones reportado el jueves 23 de abril 2026,2026-04-23
58510942811,error de asignación de Quiñones reportado el jueves 23 de abril 2026,2026-04-23
59023370586,error de asignación de Quiñones reportado el jueves 23 de abril 2026,2026-04-23
58162441568,error de asignación de Quiñones reportado el jueves 23 de abril 2026,2026-04-23
59119641879,error de asignación de Quiñones reportado el jueves 23 de abril 2026,2026-04-23
58853092270,error de asignación de Quiñones reportado el jueves 23 de abril 2026,2026-04-23
58884002460,error de asignación de Quiñones reportado el jueves 23 de abril 2026,2026-04-23
59098419031,error de asignación de Quiñones reportado el jueves 23 de abril 2026,2026-04-23
58741808681,error de asignación de Quiñones reportado el jueves 23 de abril 2026,2026-04-23
58337901112,error de asignación de Quiñones reportado el jueves 23 de abril 2026,2026-04-23
59122179708,error de asignación de Quiñones reportado el jueves 23 de abril 2026,2026-04-23
59439811396,error de asignación de Quiñones reportado el jueves 23 de abril 2026,2026-04-23
59279025294,error de asignación de Quiñones reportado el jueves 23 de abril 2026,2026-04-23
59389175481,error de asignación de Quiñones reportado el jueves 23 de abril 2026,2026-04-23
58076186894,error de asignación de Quiñones reportado el jueves 23 de abril 2026,2026-04-23
59135305776,error de asignación de Quiñones reportado el jueves 23 de abril 2026,2026-04-23
58330658153,error de asignación de Quiñones reportado el jueves 23 de abril 2026,2026-04-23
58883350364,error de asignación de Quiñones reportado el jueves 23 de abril 2026,2026-04-23
58100100945,error de asignación de Quiñones reportado el jueves 23 de abril 2026,2026-04-23
58520053860,error de asignación de Quiñones reportado el jueves 23 de abril 2026,2026-04-23
58428087079,error de asignación de Quiñones reportado el jueves 23 de abril 2026,2026-04-23
59391532095,error de asignación de Quiñones reportado el jueves 23 de abril 2026,2026-04-23
58438283522,error de asignación de Quiñones reportado el jueves 23 de abril 2026,2026-04-23
58715396402,error de asignación de Quiñones reportado el jueves 23 de abril 2026,2026-04-23
59149854560,error de asignación de Quiñones reportado el jueves 23 de abril 2026,2026-04-23
58605507679,error de asignación de Quiñones reportado el jueves 23 de abril 2026,2026-04-23